{
  "train_loss": [
    1.1191900058796531,
    1.1003574572111432,
    1.0533800219234668,
    0.9885349587390297,
    0.9362243790375558,
    0.8819036075943395,
    0.8360536882751867,
    0.8158819612703825
  ],
  "val_loss": [
    1.1262949705123901,
    0.9765802323818207,
    1.0085339844226837,
    0.9524993002414703,
    0.931722104549408,
    0.9328036308288574,
    0.8388873934745789,
    0.8429208397865295
  ],
  "val_wrapped_mae": [
    0.6756933331489563,
    0.631564736366272,
    0.6653771102428436,
    0.6508215367794037,
    0.6462432444095612,
    0.6420103311538696,
    0.6055895686149597,
    0.6063581109046936
  ]
}