{
  "train_loss": [
    1.0738939073952762,
    0.9651111310178583,
    0.8655826476487246,
    0.8274007547985424,
    0.8092622770504518,
    0.7665346901525151,
    0.7574808705936779,
    0.75256416878917
  ],
  "val_loss": [
    0.9984996914863586,
    0.8683278560638428,
    0.8097241073846817,
    0.7883514612913132,
    0.769931823015213,
    0.7521824911236763,
    0.7979120910167694,
    0.7219889909029007
  ],
  "val_wrapped_mae": [
    0.6447503939270973,
    0.616173729300499,
    0.5867331027984619,
    0.5761191546916962,
    0.5815038606524467,
    0.5665019974112511,
    0.5882209092378616,
    0.5512370318174362
  ]
}