{
  "batch_size": 32,
  "bytes_limit": 6438912000,
  "epochs": 8,
  "n_steps": 20,
  "n_train": 1436,
  "num_angles": 21,
  "peak_bytes": 287529728,
  "peak_bytes_after_eval": 287529728,
  "residues_per_state": 3,
  "solver": "cg2",
  "test_loss": 0.44556938111782074,
  "test_wrapped_mae": 0.4293869435787201
}