{
  "train_loss": [
    0.8141717952939699,
    0.6692641914453147,
    0.7936667546911059,
    0.6528080278691256,
    0.6528389393439833,
    0.6610206299514141,
    0.7141665310229895,
    0.6673597523345137
  ],
  "val_loss": [
    0.6294436292803806,
    0.623370516559352,
    0.6372882581275442,
    0.5949424414531045,
    0.6210017437520234,
    0.6143476133761199,
    0.630115718945213,
    0.6038354324257892
  ],
  "val_wrapped_mae": [
    0.5018914665864862,
    0.49577387001203455,
    0.5328592787618223,
    0.48473519216413086,
    0.5066198602966641,
    0.5030227458995321,
    0.4876415185306383,
    0.4864179193973541
  ]
}