{
  "train_loss": [
    0.8654138684835074,
    0.7169722809262995,
    0.6880514208438262,
    0.6683426017187676,
    0.6658703323523953,
    0.656363029946696,
    0.7092576327751268,
    0.6999222603890131
  ],
  "val_loss": [
    0.6918836385011673,
    0.627848656281181,
    0.6519730972207111,
    0.6498259111591007,
    0.625553388958392,
    0.6011936172195103,
    0.668791466433069,
    0.6036086354566657
  ],
  "val_wrapped_mae": [
    0.5320659979530002,
    0.5164305243803107,
    0.4852092913959337,
    0.4878904210484546,
    0.4779238998889923,
    0.494026454894439,
    0.5318034213522206,
    0.4705904139124829
  ]
}