{
  "batch_size": 32,
  "bytes_limit": 6438912000,
  "epochs": 8,
  "n_steps": 5,
  "n_train": 6785,
  "num_angles": 7,
  "peak_bytes": 219848704,
  "peak_bytes_after_eval": 219848704,
  "residues_per_state": 1,
  "solver": "cfees25",
  "test_loss": 0.4357096056143443,
  "test_wrapped_mae": 0.38688352704048157
}