{
  "train_loss": [
    0.705421051422873,
    0.7859840387309642,
    1.852282883773764,
    1.3956883206055741,
    1.0738841780581765,
    1.0449930527766427,
    1.0198791295422842,
    0.962163096728332,
    0.8731985980475994,
    0.8414129358875451
  ],
  "val_loss": [
    0.6989029184131339,
    0.6749458256924507,
    2.636508835424291,
    1.1786543821344282,
    0.8743889287556752,
    0.8104122732535447,
    0.9068812347284638,
    0.8183503626006665,
    0.6621528807843086,
    0.6660512650367056
  ],
  "val_wrapped_mae": [
    0.5210151778589381,
    0.562733259531531,
    1.3359923846650832,
    0.8117612919004837,
    0.619205107193182,
    0.5920081159265915,
    0.6667597225987085,
    0.6313361318984835,
    0.49395095593858473,
    0.5109180811018047
  ]
}