{
  "adjoint": "reversible",
  "batch_size": 32,
  "dt": 0.05,
  "epochs": 10,
  "hidden_dim": 128,
  "learning_rate": 0.001,
  "n_steps": 20,
  "n_train": 21536,
  "num_angles": 7,
  "residues_per_state": 1,
  "seed": 0,
  "solver": "cfees25",
  "test_loss": 0.7228564607336166,
  "test_wrapped_mae": 0.5302087068557739,
  "train_walltime_s": 868.0320329666138
}