{
  "train_loss": [
    0.8649006497185185,
    0.7260709877284068,
    0.6888155672910079,
    0.6653907578789963,
    0.7396230327914346,
    0.9265536945664657,
    1.027664360010399,
    0.7845245585689005
  ],
  "val_loss": [
    0.703431306325871,
    0.6281038224697113,
    0.6197210861288983,
    0.6270893708519314,
    0.8060683232286702,
    1.2803726325864377,
    0.8104307236878768,
    0.6901865407176639
  ],
  "val_wrapped_mae": [
    0.5085913513017737,
    0.5267943364122639,
    0.4845005688459977,
    0.48852122737013776,
    0.5874384369539178,
    0.8027489107588063,
    0.5912251809368962,
    0.5395068189372187
  ]
}