{
  "train_loss": [
    1.0738933059302243,
    0.9651187766682018,
    0.8656034605069594,
    0.8274348486553539,
    0.8080385286699642,
    0.7750160206447948,
    0.7449068372899835,
    0.7431784678589214
  ],
  "val_loss": [
    0.9985000342130661,
    0.8683300912380219,
    0.8097611367702484,
    0.7883850485086441,
    0.7703554257750511,
    0.7689871788024902,
    0.7290624156594276,
    0.7248076945543289
  ],
  "val_wrapped_mae": [
    0.6447557657957077,
    0.6161719262599945,
    0.5867572277784348,
    0.5761546790599823,
    0.5797182619571686,
    0.5651429891586304,
    0.5591472759842873,
    0.556051030755043
  ]
}