{
  "train_loss": [
    0.844191238143534,
    0.6963893253848238,
    0.8560021540747499,
    0.8730361044125737,
    0.7159234887024142,
    0.7893005019088961,
    0.6680661255739769,
    0.6895960871622248
  ],
  "val_loss": [
    0.667373468046603,
    0.6269445503535478,
    1.2038498624511387,
    0.6739731858605924,
    1.0011409236037212,
    0.626274792396504,
    0.6070384862630264,
    0.6125512200853099
  ],
  "val_wrapped_mae": [
    0.5069928557976432,
    0.4834935600342958,
    0.7788038020548613,
    0.5099792299063309,
    0.6517706215381622,
    0.4889473591161811,
    0.5010369407094043,
    0.4803573437359022
  ]
}