{
  "batch_size": 32,
  "bytes_limit": 6438912000,
  "epochs": 8,
  "n_steps": 10,
  "n_train": 6785,
  "num_angles": 7,
  "peak_bytes": 219848960,
  "peak_bytes_after_eval": 219848960,
  "residues_per_state": 1,
  "solver": "cg2",
  "test_loss": 0.4462396436267429,
  "test_wrapped_mae": 0.3989957571029663
}