{
  "train_loss": [
    0.7598973841599699,
    0.7048371951535063,
    1.7557633794703573,
    0.9454297093006799,
    0.7856297345375115,
    0.7409313356257835,
    0.7394003602412512,
    1.6212129488868534
  ],
  "val_loss": [
    0.6083625503208326,
    0.6947865745295649,
    1.1250028739804807,
    0.844234023405158,
    0.7112953066825867,
    0.6852096267368483,
    0.6939332381538723,
    3.4057811032170835
  ],
  "val_wrapped_mae": [
    0.4714745840300684,
    0.5319391955500063,
    0.7848517454188803,
    0.6390054355496946,
    0.5366622948128245,
    0.5337203378262727,
    0.5773497832858044,
    1.6124370979226155
  ]
}