{
  "train_loss": [
    0.8141830401881686,
    0.710611123380796,
    0.7389889126116375,
    2.4677354423504956,
    1.1512840027516742,
    1.013153152364605,
    0.9599382230695689,
    0.9390148289923398
  ],
  "val_loss": [
    0.6294348654539689,
    0.7583633946335834,
    1.3432420777237934,
    1.7185979615087095,
    0.9720643499623174,
    0.9018282086952872,
    0.875245407871578,
    0.9446321544439896
  ],
  "val_wrapped_mae": [
    0.5018689593543177,
    0.5895600552144258,
    0.8775350036828414,
    1.0660940253216287,
    0.6847659142121024,
    0.6628487485906353,
    0.6530589072600655,
    0.713215040123981
  ]
}