{
  "train_loss": [
    1.1191900497988652,
    1.1003574164290177,
    1.053378020462237,
    0.9885354732212267,
    0.9362292572071678,
    0.8819094049303156,
    0.8360564771451449,
    0.815876449409284
  ],
  "val_loss": [
    1.1262952089309692,
    0.9765790700912476,
    1.008530616760254,
    0.9525057673454285,
    0.9317414462566376,
    0.9328327476978302,
    0.8388760387897491,
    0.842915952205658
  ],
  "val_wrapped_mae": [
    0.6756936013698578,
    0.6315642893314362,
    0.6653755009174347,
    0.6508225500583649,
    0.6462510526180267,
    0.6420273184776306,
    0.6055864989757538,
    0.6063676476478577
  ]
}