{
  "train_loss": [
    0.718371127725179,
    0.6566258646758137,
    0.6751925153062744,
    0.65151943919563,
    1.7641812706418767,
    0.9428665860269612,
    0.8278197656326095,
    0.7883964169875651,
    0.7772222938234703,
    0.7493882903726813
  ],
  "val_loss": [
    0.555691461309348,
    0.5470027429337548,
    0.5397717057183238,
    0.5228022300075776,
    0.7878444781987974,
    0.7022654107301542,
    0.6499764925182456,
    0.6499769413235164,
    0.7275280801966639,
    0.6326261767656496
  ],
  "val_wrapped_mae": [
    0.47232982575303256,
    0.4438176854412154,
    0.44022603052677495,
    0.4327037744592912,
    0.5718631679468816,
    0.5163520698500151,
    0.4979437934880209,
    0.5068022667771519,
    0.5410147462740983,
    0.5636377316890376
  ]
}