{
  "train_loss": [
    0.8442225622118644,
    0.6958365344776297,
    0.7052292307873942,
    0.6786513428361911,
    0.6871272977792992,
    0.6599550919150406,
    0.7042623822981456,
    0.6665869445170997
  ],
  "val_loss": [
    0.6674384714468665,
    0.6046396921510282,
    0.6145397755114929,
    0.6474128728327544,
    0.6268126433310302,
    0.6044360010520272,
    0.6273821378531663,
    0.6317430540271427
  ],
  "val_wrapped_mae": [
    0.5070685601752737,
    0.4750969695008319,
    0.48523808821387915,
    0.5051230684570645,
    0.5215731898079747,
    0.4775671375834424,
    0.48243605053943134,
    0.5068010260229525
  ]
}