{
  "train_loss": [
    0.7599020165936002,
    0.6706070436059304,
    0.6626325464754734,
    0.6922459152509581,
    0.6816278206852248,
    1.9117063546799264,
    2.2628358192038984,
    2.2389025845617616
  ],
  "val_loss": [
    0.6084095155415328,
    0.5854843446741933,
    0.6749430130357328,
    0.6123886367549067,
    0.606867790222168,
    2.3317749914915664,
    2.094846362652986,
    2.14161855759828
  ],
  "val_wrapped_mae": [
    0.4714802594288536,
    0.4729408453340116,
    0.5595893186071644,
    0.48342131272606226,
    0.4706800657769908,
    1.2622965366944023,
    1.1678843835125798,
    1.1987912032915198
  ]
}