{
  "train_loss": [
    0.7792185255379047,
    0.6478537980396792,
    0.6423808683483105,
    0.7027957840067036,
    1.344804494589005,
    1.1558811973850682,
    0.9184167955843907,
    0.8635531194367498
  ],
  "val_loss": [
    0.625035998613938,
    0.5833873956099801,
    0.6129967907200689,
    0.6170640406401261,
    3.3996354496997334,
    0.891516431518223,
    0.8125689833060555,
    0.8058077058066493
  ],
  "val_wrapped_mae": [
    0.5208041447660198,
    0.45436065870782605,
    0.4904018044471741,
    0.4883110963779947,
    1.5603425191796345,
    0.6416412475316421,
    0.5968616293824237,
    0.5792228216710298
  ]
}