{
  "cfees25-reversible_d350_n2000": {
    "adjoint": "reversible",
    "batch_size": 32,
    "compile_footprint_mb": 635.86328125,
    "context_length": 20,
    "cos_sim_vs_ref": 0.9999999338133158,
    "ctx_dim": 64,
    "dt": 0.0005,
    "grad_max_abs": 56.888427734375,
    "grad_n_params": 663416,
    "grad_norm": 472.7935485839844,
    "grad_sumsq": 223536.24164547859,
    "hidden_dim": 128,
    "loss_value": 37089.4921875,
    "max_s": 13.946460247039795,
    "mean_s": 13.478593269983927,
    "median_s": 13.269554615020752,
    "min_s": 13.219764947891235,
    "n_reps": 3,
    "n_steps": 2000,
    "num_angles": 350,
    "ref_grad_path": "results/rna_benchmark_ref_gradient.npy",
    "ref_grad_sha": "076ee2788990ed75",
    "rel_err_vs_ref": 0.0003656255965480026,
    "rep_peak_incr_mb": 0.0,
    "rep_peak_rss_mb": 1585.734375,
    "rss_stage_a_mb": 205.4375,
    "rss_stage_b_mb": 949.87109375,
    "rss_stage_c_mb": 1585.734375,
    "rss_stage_d_mb": 1585.734375,
    "seeds": {
      "bases": 2,
      "ctx": 1,
      "model": 0,
      "reps": 42,
      "targets": 3
    },
    "solver": "cfees25",
    "std_s": 0.3314557626619916,
    "temp_bytes": 49036592,
    "times_s": [
      13.219764947891235,
      13.946460247039795,
      13.269554615020752
    ],
    "warmup_s": 13.525604009628296
  },
  "cfees25-reversible_d350_n5000": {
    "adjoint": "reversible",
    "batch_size": 32,
    "compile_footprint_mb": 637.24609375,
    "context_length": 20,
    "cos_sim_vs_ref": 0.9999999294944818,
    "ctx_dim": 64,
    "dt": 0.0002,
    "grad_max_abs": 56.89395523071289,
    "grad_n_params": 663416,
    "grad_norm": 472.7961120605469,
    "grad_sumsq": 223538.68268155726,
    "hidden_dim": 128,
    "loss_value": 37089.48046875,
    "max_s": 37.509021282196045,
    "mean_s": 37.00940354665121,
    "median_s": 37.34610366821289,
    "min_s": 36.17308568954468,
    "n_reps": 3,
    "n_steps": 5000,
    "num_angles": 350,
    "ref_grad_path": "results/rna_benchmark_ref_gradient.npy",
    "ref_grad_sha": "076ee2788990ed75",
    "rel_err_vs_ref": 0.0003767681733038354,
    "rep_peak_incr_mb": 0.0,
    "rep_peak_rss_mb": 1591.7578125,
    "rss_stage_a_mb": 207.55859375,
    "rss_stage_b_mb": 954.51171875,
    "rss_stage_c_mb": 1591.7578125,
    "rss_stage_d_mb": 1591.7578125,
    "seeds": {
      "bases": 2,
      "ctx": 1,
      "model": 0,
      "reps": 42,
      "targets": 3
    },
    "solver": "cfees25",
    "std_s": 0.5950945055607726,
    "temp_bytes": 48931376,
    "times_s": [
      37.34610366821289,
      36.17308568954468,
      37.509021282196045
    ],
    "warmup_s": 38.077460289001465
  },
  "cg2-checkpoint_full_d350_n2000": {
    "adjoint": "checkpoint_full",
    "batch_size": 32,
    "compile_footprint_mb": 590.90234375,
    "context_length": 20,
    "cos_sim_vs_ref": 0.9999999382532329,
    "ctx_dim": 64,
    "dt": 0.0005,
    "grad_max_abs": 56.887290954589844,
    "grad_n_params": 663416,
    "grad_norm": 472.79522705078125,
    "grad_sumsq": 223537.83221755296,
    "hidden_dim": 128,
    "loss_value": 37089.4921875,
    "max_s": 8.604427099227905,
    "mean_s": 8.46825361251831,
    "median_s": 8.457321643829346,
    "min_s": 8.34301209449768,
    "n_reps": 3,
    "n_steps": 2000,
    "num_angles": 350,
    "ref_grad_path": "results/rna_benchmark_ref_gradient.npy",
    "ref_grad_sha": "076ee2788990ed75",
    "rel_err_vs_ref": 0.0003529274524474326,
    "rep_peak_incr_mb": 0.0,
    "rep_peak_rss_mb": 1544.8515625,
    "rss_stage_a_mb": 207.61328125,
    "rss_stage_b_mb": 953.94921875,
    "rss_stage_c_mb": 1544.8515625,
    "rss_stage_d_mb": 1544.8515625,
    "seeds": {
      "bases": 2,
      "ctx": 1,
      "model": 0,
      "reps": 42,
      "targets": 3
    },
    "solver": "cg2",
    "std_s": 0.10700181347088848,
    "temp_bytes": 183574336,
    "times_s": [
      8.604427099227905,
      8.457321643829346,
      8.34301209449768
    ],
    "warmup_s": 9.551895380020142
  },
  "cg2-checkpoint_full_d350_n5000": {
    "adjoint": "checkpoint_full",
    "batch_size": 32,
    "compile_footprint_mb": 586.4296875,
    "context_length": 20,
    "cos_sim_vs_ref": 0.9999999384773678,
    "ctx_dim": 64,
    "dt": 0.0002,
    "grad_max_abs": 56.88749694824219,
    "grad_n_params": 663416,
    "grad_norm": 472.7948303222656,
    "grad_sumsq": 223537.43535916906,
    "hidden_dim": 128,
    "loss_value": 37089.48828125,
    "max_s": 25.84861159324646,
    "mean_s": 25.19133750597636,
    "median_s": 25.744561672210693,
    "min_s": 23.980839252471924,
    "n_reps": 3,
    "n_steps": 5000,
    "num_angles": 350,
    "ref_grad_path": "results/rna_benchmark_ref_gradient.npy",
    "ref_grad_sha": "076ee2788990ed75",
    "rel_err_vs_ref": 0.00035237513497137873,
    "rep_peak_incr_mb": 0.0,
    "rep_peak_rss_mb": 1541.40625,
    "rss_stage_a_mb": 207.703125,
    "rss_stage_b_mb": 954.9765625,
    "rss_stage_c_mb": 1541.40625,
    "rss_stage_d_mb": 1541.40625,
    "seeds": {
      "bases": 2,
      "ctx": 1,
      "model": 0,
      "reps": 42,
      "targets": 3
    },
    "solver": "cg2",
    "std_s": 0.8570049057890912,
    "temp_bytes": 452462656,
    "times_s": [
      25.744561672210693,
      25.84861159324646,
      23.980839252471924
    ],
    "warmup_s": 29.20185399055481
  },
  "cg2-checkpoint_recursive_d350_n2000": {
    "adjoint": "checkpoint_recursive",
    "batch_size": 32,
    "compile_footprint_mb": 614.28515625,
    "context_length": 20,
    "cos_sim_vs_ref": 0.9999999382420955,
    "ctx_dim": 64,
    "dt": 0.0005,
    "grad_max_abs": 56.88728332519531,
    "grad_n_params": 663416,
    "grad_norm": 472.79522705078125,
    "grad_sumsq": 223537.8212802512,
    "hidden_dim": 128,
    "loss_value": 37089.4921875,
    "max_s": 14.620429039001465,
    "mean_s": 14.408472696940104,
    "median_s": 14.370954751968384,
    "min_s": 14.234034299850464,
    "n_reps": 3,
    "n_steps": 2000,
    "num_angles": 350,
    "ref_grad_path": "results/rna_benchmark_ref_gradient.npy",
    "ref_grad_sha": "076ee2788990ed75",
    "rel_err_vs_ref": 0.000352961269311563,
    "rep_peak_incr_mb": 0.0,
    "rep_peak_rss_mb": 1568.75390625,
    "rss_stage_a_mb": 207.4765625,
    "rss_stage_b_mb": 954.46875,
    "rss_stage_c_mb": 1568.75390625,
    "rss_stage_d_mb": 1568.75390625,
    "seeds": {
      "bases": 2,
      "ctx": 1,
      "model": 0,
      "reps": 42,
      "targets": 3
    },
    "solver": "cg2",
    "std_s": 0.1599602466386952,
    "temp_bytes": 93944912,
    "times_s": [
      14.620429039001465,
      14.370954751968384,
      14.234034299850464
    ],
    "warmup_s": 15.02628779411316
  },
  "cg2-checkpoint_recursive_d350_n5000": {
    "adjoint": "checkpoint_recursive",
    "batch_size": 32,
    "compile_footprint_mb": 617.0703125,
    "context_length": 20,
    "cos_sim_vs_ref": 0.9999999383979749,
    "ctx_dim": 64,
    "dt": 0.0002,
    "grad_max_abs": 56.88777160644531,
    "grad_n_params": 663416,
    "grad_norm": 472.7970886230469,
    "grad_sumsq": 223539.5660233396,
    "hidden_dim": 128,
    "loss_value": 37089.48828125,
    "max_s": 43.81833004951477,
    "mean_s": 42.25246246655782,
    "median_s": 41.49288320541382,
    "min_s": 41.44617414474487,
    "n_reps": 3,
    "n_steps": 5000,
    "num_angles": 350,
    "ref_grad_path": "results/rna_benchmark_ref_gradient.npy",
    "ref_grad_sha": "076ee2788990ed75",
    "rel_err_vs_ref": 0.0003521794001416191,
    "rep_peak_incr_mb": 0.0,
    "rep_peak_rss_mb": 1571.90234375,
    "rss_stage_a_mb": 207.66796875,
    "rss_stage_b_mb": 954.83203125,
    "rss_stage_c_mb": 1571.90234375,
    "rss_stage_d_mb": 1571.90234375,
    "seeds": {
      "bases": 2,
      "ctx": 1,
      "model": 0,
      "reps": 42,
      "targets": 3
    },
    "solver": "cg2",
    "std_s": 1.1073997771367317,
    "temp_bytes": 95711056,
    "times_s": [
      41.49288320541382,
      41.44617414474487,
      43.81833004951477
    ],
    "warmup_s": 40.91434669494629
  },