{
  "cfees25-reversible_d350_n10": {
    "adjoint": "reversible",
    "batch_size": 32,
    "compile_footprint_mb": 636.91015625,
    "context_length": 20,
    "cos_sim_vs_ref": 0.9999999127004436,
    "ctx_dim": 64,
    "dt": 0.1,
    "grad_max_abs": 56.88737869262695,
    "grad_n_params": 663416,
    "grad_norm": 472.7928466796875,
    "grad_sumsq": 223535.57849227515,
    "hidden_dim": 128,
    "loss_value": 37089.484375,
    "max_s": 0.046537160873413086,
    "mean_s": 0.045627991358439125,
    "median_s": 0.046512603759765625,
    "min_s": 0.04383420944213867,
    "n_reps": 3,
    "n_steps": 10,
    "num_angles": 350,
    "ref_grad_path": "results/rna_benchmark_ref_gradient.npy",
    "ref_grad_sha": "076ee2788990ed75",
    "rel_err_vs_ref": 0.00041954230470062786,
    "rep_peak_incr_mb": 0.0,
    "rep_peak_rss_mb": 1591.3125,
    "rss_stage_a_mb": 207.6640625,
    "rss_stage_b_mb": 954.40234375,
    "rss_stage_c_mb": 1591.3125,
    "rss_stage_d_mb": 1591.3125,
    "seeds": {
      "bases": 2,
      "ctx": 1,
      "model": 0,
      "reps": 42,
      "targets": 3
    },
    "solver": "cfees25",
    "std_s": 0.0012684349767574674,
    "temp_bytes": 49398832,
    "times_s": [
      0.04383420944213867,
      0.046512603759765625,
      0.046537160873413086
    ],
    "warmup_s": 0.2252967357635498
  },
  "cfees25-reversible_d350_n100": {
    "adjoint": "reversible",
    "batch_size": 32,
    "compile_footprint_mb": 637.0859375,
    "context_length": 20,
    "cos_sim_vs_ref": 0.9999999320087982,
    "ctx_dim": 64,
    "dt": 0.01,
    "grad_max_abs": 56.88737487792969,
    "grad_n_params": 663416,
    "grad_norm": 472.7928466796875,
    "grad_sumsq": 223535.568083407,
    "hidden_dim": 128,
    "loss_value": 37089.484375,
    "max_s": 0.5651335716247559,
    "mean_s": 0.5474135080973307,
    "median_s": 0.5391087532043457,
    "min_s": 0.5379981994628906,
    "n_reps": 3,
    "n_steps": 100,
    "num_angles": 350,
    "ref_grad_path": "results/rna_benchmark_ref_gradient.npy",
    "ref_grad_sha": "076ee2788990ed75",
    "rel_err_vs_ref": 0.0003706780896963635,
    "rep_peak_incr_mb": 0.0,
    "rep_peak_rss_mb": 1591.57421875,
    "rss_stage_a_mb": 207.53515625,
    "rss_stage_b_mb": 954.48828125,
    "rss_stage_c_mb": 1591.57421875,
    "rss_stage_d_mb": 1591.57421875,
    "seeds": {
      "bases": 2,
      "ctx": 1,
      "model": 0,
      "reps": 42,
      "targets": 3
    },
    "solver": "cfees25",
    "std_s": 0.012538176926628307,
    "temp_bytes": 48562992,
    "times_s": [
      0.5651335716247559,
      0.5379981994628906,
      0.5391087532043457
    ],
    "warmup_s": 1.0254361629486084
  },
  "cfees25-reversible_d350_n20": {
    "adjoint": "reversible",
    "batch_size": 32,
    "compile_footprint_mb": 642.77734375,
    "context_length": 20,
    "cos_sim_vs_ref": 0.9999999273745241,
    "ctx_dim": 64,
    "dt": 0.05,
    "grad_max_abs": 56.88734817504883,
    "grad_n_params": 663416,
    "grad_norm": 472.79290771484375,
    "grad_sumsq": 223535.61805649457,
    "hidden_dim": 128,
    "loss_value": 37089.484375,
    "max_s": 0.09030389785766602,
    "mean_s": 0.08593479792277019,
    "median_s": 0.08391571044921875,
    "min_s": 0.08358478546142578,
    "n_reps": 3,
    "n_steps": 20,
    "num_angles": 350,
    "ref_grad_path": "results/rna_benchmark_ref_gradient.npy",
    "ref_grad_sha": "076ee2788990ed75",
    "rel_err_vs_ref": 0.00038296479593649257,
    "rep_peak_incr_mb": 0.0,
    "rep_peak_rss_mb": 1596.98046875,
    "rss_stage_a_mb": 207.921875,
    "rss_stage_b_mb": 954.203125,
    "rss_stage_c_mb": 1596.98046875,
    "rss_stage_d_mb": 1596.98046875,
    "seeds": {
      "bases": 2,
      "ctx": 1,
      "model": 0,
      "reps": 42,
      "targets": 3
    },
    "solver": "cfees25",
    "std_s": 0.0030923727155391565,
    "temp_bytes": 48808496,
    "times_s": [
      0.09030389785766602,
      0.08391571044921875,
      0.08358478546142578
    ],
    "warmup_s": 0.43134284019470215
  },
  "cfees25-reversible_d350_n200": {
    "adjoint": "reversible",
    "batch_size": 32,
    "compile_footprint_mb": 632.44921875,
    "context_length": 20,
    "cos_sim_vs_ref": 0.9999999320883023,
    "ctx_dim": 64,
    "dt": 0.005,
    "grad_max_abs": 56.887351989746094,
    "grad_n_params": 663416,
    "grad_norm": 472.79296875,
    "grad_sumsq": 223535.70605652354,
    "hidden_dim": 128,
    "loss_value": 37089.4921875,
    "max_s": 1.168544054031372,
    "mean_s": 1.1458454926808674,
    "median_s": 1.1532654762268066,
    "min_s": 1.1157269477844238,
    "n_reps": 3,
    "n_steps": 200,
    "num_angles": 350,
    "ref_grad_path": "results/rna_benchmark_ref_gradient.npy",
    "ref_grad_sha": "076ee2788990ed75",
    "rel_err_vs_ref": 0.0003704322916243546,
    "rep_peak_incr_mb": 0.0,
    "rep_peak_rss_mb": 1586.5546875,
    "rss_stage_a_mb": 207.453125,
    "rss_stage_b_mb": 954.10546875,
    "rss_stage_c_mb": 1586.5546875,
    "rss_stage_d_mb": 1586.5546875,
    "seeds": {
      "bases": 2,
      "ctx": 1,
      "model": 0,
      "reps": 42,
      "targets": 3
    },
    "solver": "cfees25",
    "std_s": 0.022191647001245915,
    "temp_bytes": 48768304,
    "times_s": [
      1.1532654762268066,
      1.168544054031372,
      1.1157269477844238
    ],
    "warmup_s": 1.6328413486480713
  },
  "cfees25-reversible_d350_n2000": {
    "adjoint": "reversible",
    "batch_size": 32,
    "compile_footprint_mb": 628.3203125,
    "context_length": 20,
    "cos_sim_vs_ref": 0.999999933770662,
    "ctx_dim": 64,
    "dt": 0.0005,
    "grad_max_abs": 56.88847351074219,
    "grad_n_params": 663416,
    "grad_norm": 472.7935485839844,
    "grad_sumsq": 223536.24045203193,
    "hidden_dim": 128,
    "loss_value": 37089.4921875,
    "max_s": 14.582698106765747,
    "mean_s": 14.383119821548462,
    "median_s": 14.386302947998047,
    "min_s": 14.180358409881592,
    "n_reps": 3,
    "n_steps": 2000,
    "num_angles": 350,
    "ref_grad_path": "results/rna_benchmark_ref_gradient.npy",
    "ref_grad_sha": "076ee2788990ed75",
    "rel_err_vs_ref": 0.00036574249583732217,
    "rep_peak_incr_mb": 0.0,
    "rep_peak_rss_mb": 1582.390625,
    "rss_stage_a_mb": 207.53125,
    "rss_stage_b_mb": 954.0703125,
    "rss_stage_c_mb": 1582.390625,
    "rss_stage_d_mb": 1582.390625,
    "seeds": {
      "bases": 2,
      "ctx": 1,
      "model": 0,
      "reps": 42,
      "targets": 3
    },
    "solver": "cfees25",
    "std_s": 0.1642699143537936,
    "temp_bytes": 48585264,
    "times_s": [
      14.180358409881592,
      14.582698106765747,
      14.386302947998047
    ],
    "warmup_s": 15.436466932296753
  },
  "cfees25-reversible_d350_n400": {
    "adjoint": "reversible",
    "batch_size": 32,
    "compile_footprint_mb": 640.296875,
    "context_length": 20,
    "cos_sim_vs_ref": 0.9999999381766236,
    "ctx_dim": 64,
    "dt": 0.0025,
    "grad_max_abs": 56.88721466064453,
    "grad_n_params": 663416,
    "grad_norm": 472.7952575683594,
    "grad_sumsq": 223537.86850454676,
    "hidden_dim": 128,
    "loss_value": 37089.484375,
    "max_s": 2.4698407649993896,
    "mean_s": 2.4479927221934,
    "median_s": 2.4383656978607178,
    "min_s": 2.4357717037200928,
    "n_reps": 3,
    "n_steps": 400,
    "num_angles": 350,
    "ref_grad_path": "results/rna_benchmark_ref_gradient.npy",
    "ref_grad_sha": "076ee2788990ed75",
    "rel_err_vs_ref": 0.00035313696020202834,
    "rep_peak_incr_mb": 0.0,
    "rep_peak_rss_mb": 1595.140625,
    "rss_stage_a_mb": 207.66015625,
    "rss_stage_b_mb": 954.84375,
    "rss_stage_c_mb": 1595.140625,
    "rss_stage_d_mb": 1595.140625,
    "seeds": {
      "bases": 2,
      "ctx": 1,
      "model": 0,
      "reps": 42,
      "targets": 3
    },
    "solver": "cfees25",
    "std_s": 0.015485152722089722,
    "temp_bytes": 48724528,
    "times_s": [
      2.4383656978607178,
      2.4357717037200928,
      2.4698407649993896
    ],
    "warmup_s": 3.1377038955688477
  },
  "cfees25-reversible_d350_n5": {
    "adjoint": "reversible",