{
  "cfees25-reversible_d350_n10000": {
    "adjoint": "reversible",
    "batch_size": 32,
    "compile_footprint_mb": 637.04296875,
    "context_length": 20,
    "cos_sim_vs_ref": 0.9999999999966344,
    "ctx_dim": 64,
    "dt": 0.0001,
    "grad_max_abs": 56.887027740478516,
    "grad_n_params": 663416,
    "grad_norm": 472.81072998046875,
    "grad_sumsq": 223552.46285324762,
    "hidden_dim": 128,
    "loss_value": 37089.5,
    "max_s": 202.94154596328735,
    "mean_s": 124.79610149065654,
    "median_s": 91.11559891700745,
    "min_s": 80.3311595916748,
    "n_reps": 3,
    "n_steps": 10000,
    "num_angles": 350,
    "ref_grad_path": "results/rna_benchmark_ref_gradient.npy",
    "ref_grad_sha": "076ee2788990ed75",
    "rel_err_vs_ref": 2.594623892952707e-06,
    "rep_peak_incr_mb": 0.0,
    "rep_peak_rss_mb": 1591.09375,
    "rss_stage_a_mb": 207.72265625,
    "rss_stage_b_mb": 954.05078125,
    "rss_stage_c_mb": 1591.09375,
    "rss_stage_d_mb": 1591.09375,
    "seeds": {
      "bases": 2,
      "ctx": 1,
      "model": 0,
      "reps": 42,
      "targets": 3
    },
    "solver": "cfees25",
    "std_s": 55.432294448628745,
    "temp_bytes": 48787248,
    "times_s": [
      202.94154596328735,
      91.11559891700745,
      80.3311595916748
    ],
    "warmup_s": 165.81739807128906
  },
  "cg2-checkpoint_full_d350_n10000": {
    "adjoint": "checkpoint_full",
    "batch_size": 32,
    "compile_footprint_mb": 600.75,
    "context_length": 20,
    "cos_sim_vs_ref": 0.9999999387237336,
    "ctx_dim": 64,
    "dt": 0.0001,
    "grad_max_abs": 56.88801574707031,
    "grad_n_params": 663416,
    "grad_norm": 472.7948913574219,
    "grad_sumsq": 223537.51636369555,
    "hidden_dim": 128,
    "loss_value": 37089.4765625,
    "max_s": 59.95565581321716,
    "mean_s": 59.867130279541016,
    "median_s": 59.94447302818298,
    "min_s": 59.7012619972229,
    "n_reps": 3,
    "n_steps": 10000,
    "num_angles": 350,
    "ref_grad_path": "results/rna_benchmark_ref_gradient.npy",
    "ref_grad_sha": "076ee2788990ed75",
    "rel_err_vs_ref": 0.0003516580860469864,
    "rep_peak_incr_mb": 0.0,
    "rep_peak_rss_mb": 1555.90625,
    "rss_stage_a_mb": 207.91015625,
    "rss_stage_b_mb": 955.15625,
    "rss_stage_c_mb": 1555.90625,
    "rss_stage_d_mb": 1555.90625,
    "seeds": {
      "bases": 2,
      "ctx": 1,
      "model": 0,
      "reps": 42,
      "targets": 3
    },
    "solver": "cg2",
    "std_s": 0.11737540622478984,
    "temp_bytes": 900436800,
    "times_s": [
      59.7012619972229,
      59.95565581321716,
      59.94447302818298
    ],
    "warmup_s": 61.38726758956909
  },
  "cg2-checkpoint_recursive_d350_n10000": {
    "adjoint": "checkpoint_recursive",
    "batch_size": 32,
    "compile_footprint_mb": 615.98828125,
    "context_length": 20,
    "cos_sim_vs_ref": 0.9999999324279709,
    "ctx_dim": 64,
    "dt": 0.0001,
    "grad_max_abs": 56.88839340209961,
    "grad_n_params": 663416,
    "grad_norm": 472.7955322265625,
    "grad_sumsq": 223538.1059840635,
    "hidden_dim": 128,
    "loss_value": 37089.4765625,
    "max_s": 91.91954255104065,
    "mean_s": 90.31688435872395,
    "median_s": 89.54710745811462,
    "min_s": 89.4840030670166,
    "n_reps": 3,
    "n_steps": 10000,
    "num_angles": 350,
    "ref_grad_path": "results/rna_benchmark_ref_gradient.npy",
    "ref_grad_sha": "076ee2788990ed75",
    "rel_err_vs_ref": 0.00036900997262992506,
    "rep_peak_incr_mb": 0.0,
    "rep_peak_rss_mb": 1569.9140625,
    "rss_stage_a_mb": 207.37109375,
    "rss_stage_b_mb": 953.92578125,
    "rss_stage_c_mb": 1569.9140625,
    "rss_stage_d_mb": 1569.9140625,
    "seeds": {
      "bases": 2,
      "ctx": 1,
      "model": 0,
      "reps": 42,
      "targets": 3
    },
    "solver": "cg2",
    "std_s": 1.1335432654862412,
    "temp_bytes": 97454672,
    "times_s": [
      91.91954255104065,
      89.4840030670166,
      89.54710745811462
    ],
    "warmup_s": 94.27490615844727
  },
  "cg4-checkpoint_full_d350_n10000": {
    "adjoint": "checkpoint_full",
    "batch_size": 32,
    "compile_footprint_mb": 665.109375,
    "context_length": 20,
    "cos_sim_vs_ref": 0.9999999088247309,
    "ctx_dim": 64,
    "dt": 0.0001,
    "grad_max_abs": 56.88346481323242,
    "grad_n_params": 663416,
    "grad_norm": 472.7903747558594,
    "grad_sumsq": 223533.22834329022,
    "hidden_dim": 128,
    "loss_value": 37089.4921875,
    "max_s": 54.727954626083374,
    "mean_s": 54.625147024790444,
    "median_s": 54.66859841346741,
    "min_s": 54.47888803482056,
    "n_reps": 3,
    "n_steps": 10000,
    "num_angles": 350,
    "ref_grad_path": "results/rna_benchmark_ref_gradient.npy",
    "ref_grad_sha": "076ee2788990ed75",
    "rel_err_vs_ref": 0.00042917381848261863,
    "rep_peak_incr_mb": 0.0,
    "rep_peak_rss_mb": 1619.7109375,
    "rss_stage_a_mb": 207.56640625,
    "rss_stage_b_mb": 954.6015625,
    "rss_stage_c_mb": 1619.7109375,
    "rss_stage_d_mb": 1619.7109375,
    "seeds": {
      "bases": 2,
      "ctx": 1,
      "model": 0,
      "reps": 42,
      "targets": 3
    },
    "solver": "cg4",
    "std_s": 0.10622165223182169,
    "temp_bytes": 900531776,
    "times_s": [
      54.66859841346741,
      54.47888803482056,
      54.727954626083374
    ],
    "warmup_s": 58.542778968811035
  },
  "cg4-checkpoint_recursive_d350_n10000": {
    "adjoint": "checkpoint_recursive",
    "batch_size": 32,
    "compile_footprint_mb": 659.26953125,
    "context_length": 20,
    "cos_sim_vs_ref": 0.9999999088322378,
    "ctx_dim": 64,
    "dt": 0.0001,
    "grad_max_abs": 56.883819580078125,
    "grad_n_params": 663416,
    "grad_norm": 472.7933349609375,
    "grad_sumsq": 223536.03555718352,
    "hidden_dim": 128,
    "loss_value": 37089.48828125,
    "max_s": 94.13370943069458,
    "mean_s": 91.18024730682373,
    "median_s": 90.19996309280396,
    "min_s": 89.20706939697266,
    "n_reps": 3,
    "n_steps": 10000,
    "num_angles": 350,
    "ref_grad_path": "results/rna_benchmark_ref_gradient.npy",
    "ref_grad_sha": "076ee2788990ed75",
    "rel_err_vs_ref": 0.0004285743361836833,
    "rep_peak_incr_mb": 0.0,
    "rep_peak_rss_mb": 1614.19921875,
    "rss_stage_a_mb": 207.359375,
    "rss_stage_b_mb": 954.9296875,
    "rss_stage_c_mb": 1614.19921875,
    "rss_stage_d_mb": 1614.19921875,
    "seeds": {
      "bases": 2,
      "ctx": 1,
      "model": 0,
      "reps": 42,
      "targets": 3
    },
    "solver": "cg4",
    "std_s": 2.1273870296148383,
    "temp_bytes": 100311384,
    "times_s": [
      90.19996309280396,
      94.13370943069458,
      89.20706939697266
    ],
    "warmup_s": 90.49629473686218
  }
}