{
  "cfees25-reversible_d350_n10": {
    "adjoint": "reversible",
    "batch_size": 32,
    "compile_footprint_mb": 632.7265625,
    "context_length": 20,
    "cos_sim_vs_ref": 0.9999999185646891,
    "ctx_dim": 64,
    "dt": 0.1,
    "grad_max_abs": 56.887367248535156,
    "grad_n_params": 663416,
    "grad_norm": 472.7953186035156,
    "grad_sumsq": 223537.9195668506,
    "hidden_dim": 128,
    "loss_value": 37089.48828125,
    "max_s": 0.05334949493408203,
    "mean_s": 0.047083377838134766,
    "median_s": 0.04443216323852539,
    "min_s": 0.043468475341796875,
    "n_reps": 3,
    "n_steps": 10,
    "num_angles": 350,
    "ref_grad_path": "results/rna_benchmark_ref_gradient.npy",
    "ref_grad_sha": "076ee2788990ed75",
    "rel_err_vs_ref": 0.00040487144604004063,
    "rep_peak_incr_mb": 0.0,
    "rep_peak_rss_mb": 1587.16796875,
    "rss_stage_a_mb": 207.484375,
    "rss_stage_b_mb": 954.44140625,
    "rss_stage_c_mb": 1587.16796875,
    "rss_stage_d_mb": 1587.16796875,
    "seeds": {
      "bases": 2,
      "ctx": 1,
      "model": 0,
      "reps": 42,
      "targets": 3
    },
    "solver": "cfees25",
    "std_s": 0.004448246185158611,
    "temp_bytes": 49002288,
    "times_s": [
      0.04443216323852539,
      0.05334949493408203,
      0.043468475341796875
    ],
    "warmup_s": 0.21265029907226562
  },
  "cfees25-reversible_d350_n100": {
    "adjoint": "reversible",
    "batch_size": 32,
    "compile_footprint_mb": 637.2578125,
    "context_length": 20,
    "cos_sim_vs_ref": 0.9999999380925696,
    "ctx_dim": 64,
    "dt": 0.01,
    "grad_max_abs": 56.88739013671875,
    "grad_n_params": 663416,
    "grad_norm": 472.7954406738281,
    "grad_sumsq": 223538.03113440878,
    "hidden_dim": 128,
    "loss_value": 37089.484375,
    "max_s": 0.5007588863372803,
    "mean_s": 0.4955565929412842,
    "median_s": 0.4955739974975586,
    "min_s": 0.49033689498901367,
    "n_reps": 3,
    "n_steps": 100,
    "num_angles": 350,
    "ref_grad_path": "results/rna_benchmark_ref_gradient.npy",
    "ref_grad_sha": "076ee2788990ed75",
    "rel_err_vs_ref": 0.0003533415817624033,
    "rep_peak_incr_mb": 0.0,
    "rep_peak_rss_mb": 1591.46484375,
    "rss_stage_a_mb": 207.50390625,
    "rss_stage_b_mb": 954.20703125,
    "rss_stage_c_mb": 1591.46484375,
    "rss_stage_d_mb": 1591.46484375,
    "seeds": {
      "bases": 2,
      "ctx": 1,
      "model": 0,
      "reps": 42,
      "targets": 3
    },
    "solver": "cfees25",
    "std_s": 0.004254777949926436,
    "temp_bytes": 49144880,
    "times_s": [
      0.49033689498901367,
      0.4955739974975586,
      0.5007588863372803
    ],
    "warmup_s": 0.865919828414917
  },
  "cfees25-reversible_d350_n10000": {
    "adjoint": "reversible",
    "batch_size": 32,
    "compile_footprint_mb": 623.6015625,
    "context_length": 20,
    "cos_sim_vs_ref": 0.9999999999999674,
    "ctx_dim": 64,
    "dt": 0.0001,
    "grad_max_abs": 56.887020111083984,
    "grad_n_params": 663416,
    "grad_norm": 472.81072998046875,
    "grad_sumsq": 223552.44543909322,
    "hidden_dim": 128,
    "loss_value": 37089.49609375,
    "max_s": 84.92357993125916,
    "mean_s": 82.09811313947041,
    "median_s": 82.55665421485901,
    "min_s": 78.81410527229309,
    "n_reps": 3,
    "n_steps": 10000,
    "num_angles": 350,
    "ref_grad_path": "results/rna_benchmark_ref_gradient.npy",
    "ref_grad_sha": "076ee2788990ed75",
    "rel_err_vs_ref": 2.560167609741244e-07,
    "rep_peak_incr_mb": 0.0,
    "rep_peak_rss_mb": 1577.8203125,
    "rss_stage_a_mb": 207.55078125,
    "rss_stage_b_mb": 954.21875,
    "rss_stage_c_mb": 1577.8203125,
    "rss_stage_d_mb": 1577.8203125,
    "seeds": {
      "bases": 2,
      "ctx": 1,
      "model": 0,
      "reps": 42,
      "targets": 3
    },
    "solver": "cfees25",
    "std_s": 2.515169323723689,
    "temp_bytes": 48787504,
    "times_s": [
      82.55665421485901,
      84.92357993125916,
      78.81410527229309
    ],
    "warmup_s": 79.68276929855347
  },
  "cfees25-reversible_d350_n20": {
    "adjoint": "reversible",
    "batch_size": 32,
    "compile_footprint_mb": 644.8125,
    "context_length": 20,
    "cos_sim_vs_ref": 0.9999999330913487,
    "ctx_dim": 64,
    "dt": 0.05,
    "grad_max_abs": 56.88734436035156,
    "grad_n_params": 663416,
    "grad_norm": 472.7952575683594,
    "grad_sumsq": 223537.8447054087,
    "hidden_dim": 128,
    "loss_value": 37089.484375,
    "max_s": 0.08400940895080566,
    "mean_s": 0.08196290334065755,
    "median_s": 0.08206939697265625,
    "min_s": 0.07980990409851074,
    "n_reps": 3,
    "n_steps": 20,
    "num_angles": 350,
    "ref_grad_path": "results/rna_benchmark_ref_gradient.npy",
    "ref_grad_sha": "076ee2788990ed75",
    "rel_err_vs_ref": 0.0003672593056715689,
    "rep_peak_incr_mb": 0.0,
    "rep_peak_rss_mb": 1598.98046875,
    "rss_stage_a_mb": 207.38671875,
    "rss_stage_b_mb": 954.16796875,
    "rss_stage_c_mb": 1598.98046875,
    "rss_stage_d_mb": 1598.98046875,
    "seeds": {
      "bases": 2,
      "ctx": 1,
      "model": 0,
      "reps": 42,
      "targets": 3
    },
    "solver": "cfees25",
    "std_s": 0.0017160936107633823,
    "temp_bytes": 48969008,
    "times_s": [
      0.08206939697265625,
      0.07980990409851074,
      0.08400940895080566
    ],
    "warmup_s": 0.2998931407928467
  },
  "cfees25-reversible_d350_n200": {
    "adjoint": "reversible",
    "batch_size": 32,
    "compile_footprint_mb": 628.20703125,
    "context_length": 20,
    "cos_sim_vs_ref": 0.999999932099503,
    "ctx_dim": 64,
    "dt": 0.005,
    "grad_max_abs": 56.8873405456543,
    "grad_n_params": 663416,
    "grad_norm": 472.7929382324219,
    "grad_sumsq": 223535.67071834623,
    "hidden_dim": 128,
    "loss_value": 37089.484375,
    "max_s": 1.258042573928833,
    "mean_s": 1.134554147720337,
    "median_s": 1.1109356880187988,
    "min_s": 1.034684181213379,
    "n_reps": 3,
    "n_steps": 200,
    "num_angles": 350,
    "ref_grad_path": "results/rna_benchmark_ref_gradient.npy",
    "ref_grad_sha": "076ee2788990ed75",
    "rel_err_vs_ref": 0.00037041003751665666,
    "rep_peak_incr_mb": 0.0,
    "rep_peak_rss_mb": 1582.640625,
    "rss_stage_a_mb": 207.9296875,
    "rss_stage_b_mb": 954.43359375,
    "rss_stage_c_mb": 1582.640625,
    "rss_stage_d_mb": 1582.640625,
    "seeds": {
      "bases": 2,
      "ctx": 1,
      "model": 0,
      "reps": 42,
      "targets": 3
    },
    "solver": "cfees25",
    "std_s": 0.09270245098562259,
    "temp_bytes": 48810800,
    "times_s": [
      1.034684181213379,
      1.1109356880187988,
      1.258042573928833
    ],
    "warmup_s": 1.5115983486175537
  },
  "cfees25-reversible_d350_n2000": {
    "adjoint": "reversible",
    "batch_size": 32,
    "compile_footprint_mb": 628.98046875,
    "context_length": 20,
    "cos_sim_vs_ref": 0.9999999399643631,
    "ctx_dim": 64,
    "dt": 0.0005,
    "grad_max_abs": 56.88832473754883,
    "grad_n_params": 663416,
    "grad_norm": 472.7957763671875,
    "grad_sumsq": 223538.34677702136,
    "hidden_dim": 128,
    "loss_value": 37089.4921875,
    "max_s": 13.33167052268982,
    "mean_s": 13.060491561889648,
    "median_s": 13.048550844192505,
    "min_s": 12.801253318786621,
    "n_reps": 3,
    "n_steps": 2000,
    "num_angles": 350,
    "ref_grad_path": "results/rna_benchmark_ref_gradient.npy",
    "ref_grad_sha": "076ee2788990ed75",
    "rel_err_vs_ref": 0.00034793945793435224,
    "rep_peak_incr_mb": 0.0,
    "rep_peak_rss_mb": 1584.33984375,
    "rss_stage_a_mb": 207.71484375,
    "rss_stage_b_mb": 955.359375,
    "rss_stage_c_mb": 1584.33984375,
    "rss_stage_d_mb": 1584.33984375,
    "seeds": {
      "bases": 2,
      "ctx": 1,
      "model": 0,
      "reps": 42,
      "targets": 3
    },
    "solver": "cfees25",
    "std_s": 0.21670646522191242,
    "temp_bytes": 49170736,
    "times_s": [
      12.801253318786621,
      13.33167052268982,
      13.048550844192505
    ],
    "warmup_s": 14.258723258972168
  },