{
  "train_loss": [
    0.6985121159904247,
    0.7199690435607579,
    0.6639950093418847,
    1.2850606964477636,
    1.1737077249460377,
    0.9440848981466194,
    0.8283152917253316,
    0.8020767350342086,
    0.7527989018016549,
    0.8133969799813332
  ],
  "val_loss": [
    0.5345999338839313,
    0.8902135273017505,
    0.5442137128055686,
    2.1088634623159277,
    0.8184995857795866,
    0.7889965158877986,
    0.682653784161747,
    0.6358493321602887,
    0.5974612812889685,
    0.7254387824842246
  ],
  "val_wrapped_mae": [
    0.4619346231517225,
    0.6674762958347207,
    0.4521635192455632,
    1.1436820124635603,
    0.5769238486738488,
    0.6128323355523666,
    0.5509500898937187,
    0.4742772685419215,
    0.47733370708947137,
    0.5691232949790388
  ]
}