{
  "train_loss": [
    0.7791390622842986,
    0.6613101076405004,
    0.6873030888865579,
    0.6799822338628319,
    0.7309366555989913,
    0.6935735783486996,
    0.7184434850823205,
    0.6823539662192453
  ],
  "val_loss": [
    0.6255152808583301,
    0.5865825181422026,
    0.5986836772897969,
    0.5932588978953983,
    0.6736290869505509,
    0.610316729416018,
    0.7483682710191478,
    0.6095976686995962
  ],
  "val_wrapped_mae": [
    0.5213337113027987,
    0.4596364031667295,
    0.4751926323641901,
    0.4717295182787854,
    0.5411404280558877,
    0.4923707324525584,
    0.561136675917584,
    0.49314720475155377
  ]
}